Białej,Biała
Błeszna,Błeszno
Błotnych,Błotne
Błotnych Małuszach,Małusze Błotne
Borowna,Borowno
Brzezia,Brzezie
Brzeźnicy,Brzeźnica
Brzostku,Brzostek
Brzyskowem,Brzysków
Bzowa,Bzów
Chomętowa,Chomętów
Cykarzewie,Cykarzew
Czchowie,Czchów
Częstochową,Częstochowa
Częstochówce,Częstochówka
Częstochowie,Częstochowa
Częstochowy,Częstochowa
Częstoszowic,Częstoszowice
Dąbrowna,Dąbrowno
Gadoku,Gadok
Jaskrowie,Jaskrów
Kawodrzy,Kawodrza
Kazimierzu,Kazimierz
Kłobucku,Kłobuck
Klobukowice,Kłobukowice
Krakowa,Kraków
Krakowie,Kraków
Krasicami,Krasice
Kraszewice,Kraszewice
Kromołowie,Kromołów
Krzyszkowic,Krzyszkowice
Książa,Książ
Kunina,Kunin
Kuninie,Kunin
Kupimirza,Kupimirz
Lanckorony,Lanckorona
Lelowa,Lelów
Lelowie,Lelów
Lgocie,Lgota
Lgotą,Lgota
Lgoty,Lgota
Lipnicy,Lipnica
Lipnika,Lipnik
Lubojnie,Lubojna
Łukowej,Łukowa
Lusławic,Lusławice
Lusławicami,Lusławice
Małusach Małych,Małusze Małe
Małuski,Małuszki
Małusz,Małusze
Małusza Błotna,Małusze Błotne
Małuszach,Małusze
Małuszach Błotnych,Małusze Błotne
Małuszach Pośrednich,Małusze Pośrednie
Małuszach Starych,Małusze Stare
Małusz Błotnych,Małusze Błotne
Małusze,Małusze
Małusze Stare,Małusze Stare
Małusz Pośrednich,Małusze Pośrednie
Mistou,Mstów
Mokrzeszą,Mokrzesza
Mozgawie,Mozgawa
Msstow,Mstów
Msthow,Mstów
Mstou,Mstów
Mstouiense,Mstów
Mstouiensis,Mstów
Mstów,Mstów
Mstowa,Mstów
Mstowem,Mstów
Mstowie,Mstów
Mykanowie,Mykanów
Mzurowa,Mzurów
Nakła,Nakło
Olsztyna,Olsztyn
Padwie,Padwa
Piasku,Piasek
Proszowic,Proszowice
Proszowicach,Proszowice
Przyborowie,Przyborów
Przyłęku,Przyłęk
Przyrowa,Przyrów
Przyrowie,Przyrów
Rawy,Rawa
Rybnej,Rybna
Siewierzu,Siewierz
Skarżycach,Skarżyce
Starych Małusach,Małusze Stare
Starych Małusz,Małusze Stare
Starych Małuszach,Małusze Stare
Starymi Małuszami,Małusze Stare
Świątkowicach,Świątkowice
Szarlejce,Szarlejka
Szczekocin,Szczekociny
Szczytnik,Szczytniki
Szreniawie,Szreniawa
Szreniawy,Szreniawa
Tęgoborza,Tęgoborze
Walichnowów,Walichnowy
Wancerzowie,Wancerzów
Wielunia,Wieluń
Wierzbiu,Wierzbie
Wodzisławia,Wodzisław
Wojwanowicach,Wojwanowice
Wrocławia,Wrocław
Wrocławiu,Wrocław
Zagórzu,Zagórze
Żarek,Żarki
Żarnowca,Żarnowiec
Zawadzie,Zawada
Żerkowicach,Żerkowice
Żurawia,Żuraw
Żurawiu,Żuraw
