QID,Miejscowosc
Q46043,Kraków
Q89424,Wrocław
Q74149,Sandomierz
Q50436,Lublin
Q15492,Zdynia
Q15498,Blechnarka
Q15500,Bielanka
Q15502,Gładyszów
Q15929,Ropki
Q16232,Konieczna
Q17495,Babia Góra
Q17578,Baboniówka
Q18154,Bartne
Q18235,Barwinek
Q18334,Bączal Dolny
Q18335,Bączal Górny
Q18439,Bednarka
Q19127,Biecz
Q19526,Biesna
Q19545,Bieśnik
Q19601,Binarowa
Q19690,Bistuszowa
Q20046,Bobowa-Miasto
Q20298,Bogoniowice
Q21367,Bóbrka
Q21927,Bryły
Q21952,Brzana
Q22250,Brzezowa
Q22256,Brzezówka
Q22591,Brzyska
Q22595,Brzyszczki
Q22600,Brzyście
Q23521,Burzyn
Q23668,Bystra
Q24319,Chlebna
Q24582,Chodorowa
Q24754,Chorkówka
Q25246,Chyrowa
Q25396,Cieklin
Q26126,Czarne
Q26452,Czeluśnica
Q26503,Czermna
Q27453,Dąbrówka
Q27693,Dąbrówka
Q27758,Dąbrówka Tuchowska
Q27860,Desznica
Q28154,Dębowa
Q28209,Dębowiec
Q28731,Dobrucowa
Q28743,Dobrynia
Q28915,Wieś Dolna
Q29141,Dominikowice
Q29264,Draganowa
Q29717,Dukla
Q29721,Duląbka
Q30797,Faliszówka
Q30804,Falkowa
Q31896,Gądki
Q32335,Gliniczek
Q32342,Glinik
Q32348,Glinik Polski
Q32517,Głęboka
Q32614,Głojsce
Q32984,Golanka
Q33296,Gorajowice
Q33437,Gorzyce
Q33769,Góra
Q34385,Grab
Q34390,Grabanina
Q35358,Gromnik
Q35611,Grybów
Q36169,Hankówka
Q36189,Hańczowa
Q36209,Harklowa
Q36837,Huta Polańska
Q38194,Jareniówka
Q38482,Jasło
Q38634,Jaśliska
Q38740,Jaworze
Q39267,Jeżów
Q39374,Jodłówka Tuchowska
Q39382,Joniny
Q39937,Kaczorowy
Q41855,Kąty
Q42138,Kielanowice
Q42417,Kipszna
Q42953,Kłodawa
Q43554,Kolanówka
Q43854,Kołkówka
Q44634,Kopytowa
Q46307,Krempna
Q46898,Kryg
Q47274,Krzywa
Q48442,Kwiatonowice
Q48443,Kwiatoń
Q49282,Leśniówka
Q49426,Liciąż Wielka
Q49681,Lipinki
Q49800,Lipnica Dolna
Q49802,Lipnica Górna
Q49812,Lipniczka
Q49894,Lipowica
Q50128,Lisówek
Q50264,Lubaszowa
Q50965,Łajsce
Q51069,Łaski
Q51322,Łazy Dębowieckie
Q51645,Łęgorze
Q51775,Łężyny
Q51974,Łosie
Q52110,Łubienko
Q52188,Ług
Q52369,Łużna
Q52524,Machnówka
Q52937,Makowiska
Q53279,Małastów
Q54489,Męcina Wielka
Q54566,Miastko
Q56696,Moszczenica
Q56889,Mrukowa
Q56908,Mszana
Q57091,Myscowa
Q57196,Mytarka
Q57316,Na Szlabancie
Q58026,Niegłowice
Q58159,Nienaszów
Q58322,Nieznajowa
Q58502,Niżna Łąka
Q58999,Nowa Wieś
Q60000,Nowy Glinik
Q60324,Nowy Żmigród
Q60965,Olchowiec
Q61341,Olszyny
Q61371,Ołpiny
Q61863,Osiek Jasielski
Q62020,Osobnica
Q62456,Ostrusza
Q62636,Góra
Q62700,Ożenna
Q63421,Pasternik
Q63918,Pętna
Q64455,Pielgrzymka
Q65037,Piotrówka
Q65383,Pławna
Q66063,Podedwór
Q66936,Podniebyle
Q67564,Polany
Q67686,Polna
Q68392,Potakówka
Q68586,Pozna
Q69169,Przedmieście Dolne
Q69791,Przysieczki
Q69804,Przysieki
Q70142,Pusta Wola
Q70424,Racławice
Q70532,Radocyna
Q71220,Regietów Wyżny
Q71956,Ropianka
Q71957,Ropica Górna
Q71958,Ropica Polska
Q72176,Rozdziele
Q72227,Rozstajne
Q72257,Roztoki
Q72319,Rożnowice
Q73360,Ryglice
Q73673,Rzepiennik Marciszewski
Q73675,Rzepiennik Suchy
Q73889,Sadki
Q74108,Samoklęski
Q74334,Sądkowa
Q74544,Sędziszowa
Q74563,Sękowa
Q74764,Siedliska
Q74770,Siedliska Sławęcińskie
Q74771,Siedliska Żmigrodzkie
Q74917,Siemiechów
Q75014,Siepietnica
Q75291,Sitnica
Q75359,Skalnik
Q75596,Skołyszyn
Q75917,Skwirtne
Q75962,Sławęcin
Q76362,Smerekowiec
Q76725,Sobniów
Q76954,Sokół
Q77647,Stanowiska
Q78879,Stary Żmigród
Q78952,Staszkówka
Q79655,Stróże
Q79660,Stróże Niżne
Q79674,Stróżna
Q79675,Stróżówka
Q79946,Strzeszyn
Q80419,Sulistrowa
Q80691,Swoszowa
Q80828,Szalowa
Q81321,Szerzyny
Q18523,Bełk
Q19032,Białowieża
Q19657,Biskupice
Q19700,Bizoręda
Q20184,Boczkowice
Q20547,Boleścice
Q21149,Borszowice
Q21150,Borszowice
Q21875,Brunonów
Q21881,Brus
Q21935,Brynica Mokra
Q21936,Brynica Sucha
Q22032,Brzeście
Q22555,Brzuchania
Q82261,Świątkowa Mała
Q82262,Świątkowa Wielka
Q82390,Świerchowa
Q82933,Tarnowiec
Q83163,Teodorówka
Q83367,Toki
Q83887,Trzcinica
Q84365,Turza
Q84518,Tylawa
Q84783,Ujazd
Q84944,Umieszcz
Q84996,Uniszowa
Q85134,Uście Gorlickie
Q85344,Walowice
Q85459,Wapienne
Q86894,Wietrzno
Q88090,Wojnarowa
Q88267,Wola Albinowska
Q88311,Wola Cieklińska
Q88326,Wola Dębowiecka
Q88752,Wolica
Q88858,Wołowiec
Q89007,Wójtowa
Q89411,Wrocanka
Q89536,Wróblowa
Q90317,Wyskitna
Q90438,Wysowa-Zdrój
Q90511,Wyszowatka
Q90742,Zabiele
Q90947,Zabrzeż
Q91327,Zagórzany
Q92258,Załawie
Q92287,Załęże
Q92856,Zarzecze
Q93501,Zboiska
Q93506,Zborowice
Q94171,Zimna Wódka
Q94462,Zręcin
Q94640,Zyndranowa
Q94877,Żarnowiec
Q95000,Żeglce
Q95274,Żółków
Q95448,Żurowa
Q95494,Żydowskie
Q97665,Śródmieście
Q105990,Skała
Q106094,Podjedlina
Q106145,Folwark
Q106147,Zapłocie
Q106236,Wierdakowa
Q106244,Blech
Q106272,Dół
Q106520,Zapłocie
Q106747,Podkościół
Q106896,Kleszczówka
Q106912,Na Szlabancie
Q106915,Długie
Q112857,Miasto
Q113014,Bucze
Q113051,Miasteczko
Q114211,Przegonina
Q115278,Moskalówka
Q115281,Rola-Jaraczów
Q115298,Góry
Q115620,Resztówka
Q116157,Podgórze
Q116492,Bacówka
Q117704,Blich
Q118415,Budy
Q120779,Garbacz Mały
Q121231,Góra
Q121949,Hałbów
Q122751,Jodłowa Górna
Q125411,Lichtarz
Q126449,Markuszka
Q126609,Miasto
Q127320,Na Górce
Q127811,Nosalowa
Q132381,Równie
Q135294,Turcja
Q138644,Wieś
Q138831,Pod Lasem
Q138921,Bania
Q179443,Bączal
Q179548,Przedmieście Wójtowskie
Q180129,Jeżowa-zamek
Q23255,Buk
Q23551,Buszków
Q23616,Bydlin
Q23785,Caców
Q24360,Chlina Dolna
Q24470,Chobędza
Q25193,Chwaścice
Q25701,Cisia Wola
Q26005,Czaple Małe
Q26006,Czaple Wielkie
Q26462,Czepiec
Q26732,Częstoszowice
Q26978,Dalechowy
Q27863,Deszno
Q29072,Domaniewice
Q29896,Dwór
Q30078,Dziaduszyce
Q30333,Dzierszyn
Q30807,Falniów
Q31065,Folga Druga
Q32777,Gniewięcin
Q33157,Gołcza
Q35547,Grudzyny
Q36993,Ilkowice
Q37034,Imielnica
Q37038,Imielno
Q37498,Jaksice
Q37573,Jakubów
Q37908,Janowice
Q38445,Jasionna
Q38905,Jelcza
Q38906,Jelcza Mała
Q38907,Jelcza Wielka
Q39321,Jędrzejów
Q40124,Kalina Mała
Q40125,Kalina Wielka
Q40369,Kamienica
Q40575,Kamieńczyce
Q40979,Karczowice
Q41512,Kawęczyn
Q41708,Kąpiele Wielkie
Q42542,Klemencice
Q42714,Klimontówek
Q43752,Kolonia Górna
Q44052,Komorów
Q44103,Konary
Q44129,Konaszówka
Q44496,Kopaniny
Q45540,Kowalów Dolny
Q45752,Kozina
Q45814,Kozłów
Q46345,Kresy
Q46411,Krępa
Q47006,Krzcięcice
Q47144,Krzeszówka
Q47528,Książ Mały
Q47531,Książ Wielki
Q48651,Laskowa
Q48689,Lasków
Q48895,Lelów
Q50239,Lścin
Q50277,Lubcza
Q51402,Łączyn
Q51796,Łobzów
Q52045,Łowinia
Q52442,Łysaków pod Lasem
Q53424,Małoszów
Q53610,Marcinkowice
Q53633,Marcinowice
Q54541,Mianocice
Q54827,Miechów
Q55038,Mierzwin
Q56099,Moczydło
Q56764,Motkowice
Q56901,Mstyczów
Q57715,Nawarzyce
Q58034,Niegosławice
Q58244,Nieszków
Q60112,Nowy Maciejów
Q61433,Opatkowice Drewniane
Q61434,Opatkowice Murowane
Q61435,Opatkowice Pojałowskie
Q63602,Pawłowice
Q63603,Pawłowice
Q63893,Pękosław
Q64307,Pieczeniegi
Q64901,Piołunka
Q64926,Piotrkowice
Q65106,Piskorzowice
Q66059,Podedwór
Q66060,Podedwór
Q66811,Podleśna Wola
Q67388,Pogwizdów
Q67464,Pokrzywnica
Q69050,Prząsław
Q69237,Przełaj
Q69314,Przesławice
Q69501,Przybysławice
Q69667,Przyłęczek
Q69678,Przyłęk
Q18799,Biała Błotna
Q18801,Biała Dolna
Q18823,Biała Górna
Q18844,Biała Wielka
Q19188,Bieganów
Q19711,Blanowice
Q19771,Bliżyce
Q19836,Błeszno
Q69799,Przysieka
Q70940,Raków
Q73665,Rzemiędzice
Q73743,Rzeżuśnia
Q73749,Rzędowice
Q74516,Sędowice
Q74547,Sędziszów
Q74760,Siedliska
Q74766,Parcela
Q75772,Skroniów
Q75932,Słaboszów
Q76764,Sobowice
Q77810,Stara Olszówka
Q77989,Stara Wieś
Q79111,Stawy
Q79282,Stępocice
Q79399,Stok
Q79932,Strzeszkowice
Q79953,Strzeżów Pierwszy
Q80316,Sudół
Q80633,Swaryszów
Q80668,Swojczany
Q81982,Śladów
Q82534,Święcice
Q82875,Tarnawa
Q82995,Tarszawa
Q83082,Tczyca Duchowna
Q83313,Tochołów
Q83906,Trzciniec
Q84111,Trzonów
Q84728,Udórz
Q84904,Ulina Mała
Q84905,Ulina Wielka
Q84964,Uniejów-Parcela
Q85635,Warzyn Pierwszy
Q85969,Węchadłów
Q86009,Węgleniec
Q86424,Wielka Wieś
Q86431,Wielkanoc
Q86661,Wierzbica
Q87972,Wodzisław
Q87991,Wojciechowice
Q88029,Wojciechów
Q88400,Wola Knyszyńska
Q88438,Wola Libertowska
Q88444,Wola Lubecka
Q88746,Wolica
Q89073,Wólka
Q91041,Zacisze
Q91201,Zagaje
Q91253,Zagorzyce
Q92266,Załącze
Q92800,Zaryszyn
Q93353,Zawodzie
Q93482,Zbigały
Q93738,Zegartowice
Q94054,Zielonki
Q94878,Żarnowiec
Q96830,Głogowiany-Stara Wieś
Q98943,Górka
Q101841,Podłącze
Q101897,Okupniki
Q101951,Przedmoszczany
Q101989,Modlin
Q102095,Swaryszów
Q102133,Zabłocie
Q109481,Brzeziny
Q109551,Stary Bryzdzyn
Q109564,Zagumnie
Q109650,Dziadówki
Q111772,Zarzecze
Q111803,Szpital
Q114680,Cierno Poduchowne
Q116476,Parcela
Q116620,Laskowa
Q126898,Młyn
Q127229,Mury
Q129084,Pałacyk
Q129168,Parcela Wolska
Q133884,Stare Kropidło
Q136188,Witowice-Dwór
Q137152,Zadworze
Q179247,Skorupice
Q179248,Zakrzów
Q179457,Kozłocin
Q179882,Wodzisław-zamek
Q179891,Książ Wielki-zamek
Q179895,Bydlin-zamek
Q180079,Żarnowiec-zamek
Q180875,Witkowice
Q181105,Radziszów
Q181138,Stanowiska
Q20036,Bobolice
Q20604,Bonowice
Q22358,Brzostek
Q22598,Brzyszów
Q23382,Bukowno
Q23688,Bystrzanowice
Q23775,Bzów
Q24202,Chebdzie
Q24342,Chlewice
Q24358,Chlewska Wola
Q25212,Chycza
Q25213,Chycza-Brzóstki
Q25283,Ciągowice
Q25384,Ciecierzyn
Q25761,Ciszówka
Q26331,Czaryż
Q26343,Czatachowa
Q26472,Czepurka
Q26724,Częstochowa
Q26725,Częstochówka
Q26991,Daleszec
Q27035,Damiany
Q27081,Dankowice Drugie
Q27544,Dąbrowica
Q27566,Dąbrowno
Q27681,Dąbrówka
Q28664,Dobrogoszczyce
Q29364,Drochlin
Q29493,Drużykowa
Q29897,Dwór
Q30231,Dzibice
Q32089,Giebło
Q32743,Gnaszyn Dolny
Q33034,Goleniowy
Q33234,Gołuchowice
Q33413,Gorzków Stary
Q33764,Góra
Q33793,Góra Włodowska
Q34456,Grabiec
Q34767,Grabówka
Q35312,Grodzisko
Q35464,Gródek
Q36876,Hutka
Q37062,Irządze
Q37086,Iwanowice Duże
Q38240,Jaronowice
Q38288,Jaroszów
Q38480,Jaskrów
Q39193,Jeziorowice
Q40063,Kalej
Q40761,Kamyk
Q41040,Karlin
Q41401,Kaszczor
Q41541,Kawki
Q41551,Kawodrza Dolna
Q42122,Kidów
Q42133,Kiedrzyn
Q42194,Kiełkowice
Q42848,Kluczyce
Q42930,Kłobuck
Q43116,Leśniczówka Knieja
Q43302,Kobyłczyce
Q43403,Kocikowa
Q44204,Konin
Q44239,Konopiska
Q45049,Kossów
Q45063,Kostkowice
Q45370,Kotowice
Q46084,Krasawa
Q46499,Kroczyce
Q46531,Kromołów
Q47057,Krzemenda
Q47105,Krzepice
Q47106,Krzepice
Q47759,Kuczków
Q47859,Kuków
Q48216,Kusięta
Q48344,Kuźnica Masłońska
Q48351,Kuźnica Stara
Q48467,Kwilina
Q48896,Lelów
Q49279,Leśniów
Q49373,Lgota
Q49378,Lgota Błotna
Q49383,Lgota Murowana
Q49388,Lgotka
Q49400,Libidza
Q49831,Lipnik
Q50240,Lubachowy
Q50743,Lusławice
Q51167,Łaziec
Q51783,Łobodno
Q51846,Łojki
Q52017,Łośnice
Q52359,Łutowiec
Q53057,Maleszyna
Q53446,Małusy Wielkie
Q53653,Marciszów
Q54452,Mełchów
Q54516,Mękarzów
Q54904,Miedźno
Q55662,Mirów
Q55664,Mirów
Q56101,Moczydło
Q56285,Mokra Trzecia
Q56347,Mokrus
Q56366,Mokrzesz
Q56615,Moskorzew
Q56896,Mrzygłód
Q56900,Mstów
Q57204,Mzurów
Q57468,Nagłowice
Q57533,Nakło
Q58040,Niegowa
Q58044,Niegowonice
Q58183,Nierada
Q58451,Niwki
Q58948,Nowa Wieś
Q59065,Nowa Wieś Żarecka
Q60713,Ogorzelnik
Q60756,Ogrodzieniec
Q60790,Ojsławice
Q61275,Olsztyn
Q61450,Opatów
Q61962,Osiny
Q62706,Pabianice
Q63214,Parkoszowice
Q63814,Perzyny
Q63928,Piachy
Q63966,Piaseczno
Q63981,Piasek
Q64642,Pierzchno
Q64804,Pilica
Q64853,Piła Pierwsza
Q65675,Poczesna
Q66263,Przymiłowice-Podgrabie
Q66536,Podlesice
Q66702,Podlesie
Q67412,Pohulanka
Q67847,Pomrożyce
Q67889,Ponik
Q68147,Poręba
Q68341,Postaszowice
Q68717,Pradła
Q68753,Praszczyki
Q69359,Przewodziszowice
Q69489,Przybynów
Q69677,Przyłęk
Q69692,Przyłubsko
Q69783,Przyrów
Q69829,Przystajń
Q69925,Psary
Q70499,Radków
Q70883,Rakoszyn
Q71100,Rawka
Q71376,Rębielice Królewskie
Q71431,Rędziny
Q71456,Rększowice
Q71769,Rokitno
Q71772,Rokitno Szlacheckie
Q72807,Rudniki
Q72808,Rudniki
Q73317,Ryczów
Q73522,Rząsawy
Q73746,Rzędkowice
Q73945,Sadowie
Q74601,Siamoszyce
Q74708,Siedlec
Q74759,Siedliska
Q74929,Siemięrzyce
Q75069,Sierbowice
Q75461,Skarżyce
Q75718,Skowronów
Q75998,Sławniów
Q76264,Słupia
Q76454,Smoleń
Q76867,Sokolniki
Q76973,Solca
Q77407,Srocko
Q77658,Stany
Q77977,Stara Wieś
Q77982,Stara Wieś
Q77983,Stara Wieś
Q78010,Stara Wieś
Q78492,Staromieście
Q78694,Stary Kocin
Q78851,Stary Węgrzynów
Q78909,Starzyny
Q80430,Suliszowice
Q80724,Sygontka
Q80880,Szarlejka
Q81887,Szypowice
Q81900,Szyszki
Q82018,Ślęcin
Q82879,Tarnawa-Góra
Q83251,Tęgobórz
Q83474,Tomiszowice
Q84002,Trzebniów
Q84339,Turów
Q84402,Turzyn
Q16769,Adamowice
Q16922,Aleksandrowice
Q17481,Babi Koniec
Q17519,Babice
Q85289,Waleńczów
Q85791,Wąsosz
Q85792,Wąsosz
Q86590,Wierbka
Q86604,Wiercica
Q86806,Wierzchowisko
Q86864,Wiesiółka
Q86869,Wiesławów
Q87187,Wilgoszcza
Q87289,Wilków
Q87720,Witów
Q87825,Własna
Q87853,Włodowice
Q88428,Wola Kuczkowska
Q88487,Wola Mokrzeska
Q88743,Wolica
Q88953,Woźniki
Q89254,Wólka Ołudzka
Q89327,Wólka Starzyńska
Q89410,Wręczyca Wielka
Q89609,Wrzosowa
Q89755,Wyczerpy Górne
Q89835,Wygiełzów
Q90385,Wysoka Lelowska
Q90541,Wywła
Q90888,Zaborze
Q91385,Zagórze
Q91396,Zagórze
Q91409,Zagórze
Q91861,Zakrzew
Q92009,Zalesice
Q92697,Zarębice
Q93120,Zawada
Q93123,Zawada
Q93142,Zawada Pilicka
Q93278,Zawiercie
Q93559,Zbyczyce
Q93606,Zdów
Q94234,Złochowice
Q94318,Złoty Potok
Q94456,Zrębice Drugie
Q94859,Żarki
Q95138,Żerkowice
Q95383,Żuraw
Q96538,Kostrzyna
Q98787,Panki
Q98891,Domki
Q98898,Podedwór
Q98914,Na Dole
Q98922,Stara Wieś
Q98927,Jabłonowiec
Q98945,Półćwiartki
Q98949,Zakościele
Q98955,Przedmieście
Q99012,Bloki Sabinowskie
Q100493,Mostki
Q100499,Stara Wieś
Q100505,Zagrodniki
Q101906,Wilcza Grobla
Q101964,Bolesławów
Q102070,Stara Wieś
Q102089,Stara Wieś
Q102091,Stara Wieś
Q103972,Górka
Q111783,Stara Wieś
Q111792,Kolonia
Q120121,Dworek
Q120159,Dwór
Q120512,Filipiny
Q121379,Górki
Q121382,Górki
Q121414,Górna Wieś
Q128555,Kolonia Olsztyn
Q128752,Osiedle 3 Maja
Q129308,Pasterniki
Q132931,Siedlec-Mstów
Q133145,Skotnica
Q133286,Osiedle Juliusza Słowackiego
Q133468,Sołectwo
Q133805,Stara Wieś
Q133821,Stara Wieś
Q135686,Kolonia Warszawska
Q136276,Wojnówka Chorońska
Q136321,Wola Hankowska-Dwór
Q137712,Zapłocie
Q179175,Olsztyn-zamek
Q179292,Kuźnica Zawadzka
Q179293,Kuźnica Niczowa
Q179318,Rybna
Q179456,Krzepice-zamek
Q179474,Lelów-zamek
Q179669,Żarki-zamek
Q179927,Bobolice-zamek
Q179928,Mirów-zamek
Q180357,Smoleń-zamek
Q181041,Trcianka
Q17653,Baczyn
Q17791,Balice
Q17799,Balin
Q17977,Baranówka
Q18294,Batowice
Q18683,Bębło
Q18707,Będkowice
Q18735,Będzin
Q19066,Biały Kościół
Q19101,Bibice
Q19178,Biedrzykowice
Q19223,Bielany
Q19224,Bielany
Q19623,Biórków Wielki
Q19659,Biskupice
Q19857,Błędów
Q19861,Błociska
Q20492,Bolechowice
Q20502,Boleń
Q20505,Bolesław
Q20556,Bolęcin
Q20572,Bolowiec
Q20573,Bolów
Q20931,Boronice
Q21294,Bosutów
Q21295,Boszczynek
Q21423,Braciejówka
Q21463,Branice
Q21563,Brodła
Q21744,Bronocice
Q21751,Bronowice Małe
Q21752,Bronowice Wielkie
Q21772,Brończyce
Q21773,Brończyce
Q21882,Brus
Q21985,Brzegi
Q22070,Brzezie
Q22121,Brzezinka
Q22355,Brzoskwinia
Q23035,Budziejowice
Q23123,Budzyń
Q23507,Burów
Q23611,Byczyna
Q24206,Chechło
Q24234,Chełm
Q24237,Chełm
Q24461,Chmielów
Q24487,Chochoł
Q24690,Cholerzyn
Q24750,Chorążyce
Q24984,Chruszczyna Wielka
Q25290,Ciborowice
Q25626,Cieślin
Q25645,Ciężkowice
Q25945,Czajęczyce
Q25973,Czajowice
Q26103,Czarna Wieś
Q26345,Czatkowice
Q26547,Czernichów
Q26799,Czubrowice
Q26812,Czulice
Q26816,Czułów
Q26819,Czułówek
Q26908,Czyżówka
Q26913,Czyżyny
Q26977,Dalechowice
Q26998,Dalewice
Q27036,Damice
Q27230,Dąbie
Q28396,Długoszyn
Q28548,Dobiesławice
Q28621,Dobranowice
Q28826,Dojazdów
Q28836,Dolany
Q29164,Donatkowice
Q29623,Dubie
Q29819,Duże Piaski
Q30159,Działki
Q30277,Dziekanowice
Q30278,Dziekanowice
Q30315,Dziemięrzyce
Q30436,Dziewięcioły
Q30437,Dziewięczyce
Q30950,Filipowice
Q31294,Frywałd
Q31759,Garlica Murowana
Q32093,Giebułtów
Q32258,Glanów
Q32275,Glew
Q32516,Głęboka
Q32696,Głuchów
Q32707,Głupczów
Q32745,Gnatowice
Q32759,Gniazdowice
Q33016,Golczowice
Q33263,Gołyszyn
Q33319,Gorenice
Q33404,Gorzków
Q33514,Goszcza
Q33540,Goszyce
Q33639,Gotkowice
Q33892,Górka Jaklińska
Q33896,Górka Kościejowska
Q33899,Górka Narodowa
Q34317,Góry Luszowskie
Q34599,Grabowa
Q35080,Grębałów
Q35096,Grębocin
Q35108,Grębynice
Q35152,Grobla
Q35336,Grojec
Q35597,Gruszów
Q35598,Gruszów
Q35679,Grzegorzowice Wielkie
Q35684,Grzegórzki
Q36897,Ibramowice
Q37025,Imbramowice
Q37072,Ispina
Q37087,Iwanowice Dworskie
Q37189,Iżykowice
Q37499,Jaksice
Q37821,Jankowice
Q37926,Janowiczki
Q38146,Januszowice
Q38147,Januszowice
Q38781,Jazdowice
Q38782,Jazdowiczki
Q38958,Jeleń
Q39035,Jerzmanowice
Q39913,Kaczkowice
Q39949,Kaczowice
Q40576,Kamieńczyce
Q40832,Kantorowice
Q41090,Karniowice
Q41091,Karniowice
Q41092,Karniów
Q41343,Karwin
Q41416,Kaszów
Q41950,Kępa
Q42577,Kleparz
Q42601,Kleszczów
Q42713,Klimontów
Q42808,Klonów
Q42828,Klucze
Q43228,Kobylany
Q43439,Kocmyrzów
Q43558,Kolbark
Q44164,Koniec
Q44373,Kończyce
Q44884,Korzkiew
Q45200,Koszyce
Q45213,Kościejów
Q45221,Kościelec
Q45222,Kościelec
Q45240,Kościelniki
Q45424,Kowala
Q45573,Kowary
Q46352,Kresy
Q46959,Kryspinów
Q47129,Krzesławice
Q47253,Krzyszkowice
Q47259,Krzysztoforzyce
Q47380,Krzywopłoty
Q47516,Ksawerówka
Q47553,Książnice Małe
Q48383,Kwaczała
Q48629,Laski
Q48637,Laski Dworskie
Q48874,Lekszyce
Q48893,Lelowice
Q49016,Lesieniec
Q49372,Lgota
Q49397,Libiąż Wielki
Q49773,Lipna Wola
Q50153,Liszki
Q50467,Lubocza
Q50911,Łaganów
Q51048,Łapszów
Q51097,Łaszów
Q51143,Ławy
Q51280,Łazy
Q51665,Łęka
Q51679,Łękawa
Q51731,Łętkowice
Q51797,Łobzów
Q51913,Łopatka
Q51983,Łosień
Q52008,Łososkowice
Q52167,Łuczanowice
Q52172,Łuczyce
Q52539,Macieczyna
Q52564,Maciejowice
Q52883,Majkowice
Q52912,Makocice
Q52953,Maków
Q53147,Malkowice
Q53396,Małobądz
Q53425,Małoszów
Q53513,Dolna Kolonia
Q53593,Marchocice
Q53611,Marcinkowice
Q53965,Marszowice
Q53967,Marszowiec
Q54134,Masłomiąca
Q54180,Maszków
Q54188,Maszyce
Q54772,Michałówka
Q55123,Międzygaj
Q55476,Miłocice
Q55555,Minoga
Q55644,Miroszów
Q55806,Młoszowa
Q55930,Młynka
Q56019,Mników
Q56043,Mniszów
Q56146,Modlnica
Q56169,Modrzany
Q56233,Mogiła
Q56464,Morawica
Q56555,Morsko
Q56633,Mostek
Q56976,Muniaczkowice
Q56977,Muniakowice
Q57077,Mydlniki
Q57102,Mysławczyce
Q57152,Myślachowice
Q57395,Nadmłynie
Q57461,Nadzów
Q57494,Nagórzanki
Q57496,Nagórzany
Q57597,Narama
Q57648,Nasiechowice
Q57728,Nawojowa Góra
Q58018,Niedźwiedź
Q58021,Niegardów
Q58038,Niegoszowice
Q58045,Niegowoniczki
Q58227,Niesułowice
Q58283,Niewiatrowice
Q58330,Niezwojowice
Q58433,Niwka
Q58968,Nowa Wieś
Q58980,Nowa Wieś
Q59051,Nowa Wieś Szlachecka
Q59173,Nowe Brzesko
Q60469,Obrażejowice
Q60638,Odonów
Q60779,Ojców
Q60808,Okleśna
Q60860,Okradzionów
Q61096,Olkusz
Q61127,Olszanica
Q61429,Opatkowice
Q61430,Opatkowice
Q61608,Orłów
Q62166,Ostra Górka
Q62358,Ostrów
Q62758,Paczółtowice
Q62933,Pałecznica
Q62960,Pamięcice
Q63190,Parcze Górne
Q63213,Parkoszowice
Q63490,Paśmiechy
Q64315,Pieczonogi
Q64457,Pielgrzymowice
Q64588,Pierocice
Q64654,Pieskowa Skała
Q64700,Pietrzejowice
Q64929,Piotrkowice Małe
Q64930,Piotrkowice Wielkie
Q64977,Piotrowice
Q65069,Pisary
Q65230,Jangrot Poduchowny
Q65246,Pleszów
Q65335,Płaczki
Q65401,Płaza
Q65432,Płoki
Q65611,Pobiednik Mały
Q65612,Pobiednik Wielki
Q65630,Poborowice
Q65712,Pod Dworem
Q66051,Podedworze
Q66535,Podlesice
Q66667,Podlesie
Q66957,Podolany
Q67085,Podskalany
Q67266,Podzamcze
Q67360,Pogorzyce
Q67417,Pojałowice
Q67551,Polanowice
Q67589,Polekarcice
Q67840,Pomorzany
Q68104,Porąbka
Q68151,Poręba Żegoty
Q68153,Poręba Górna
Q68312,Posądza
Q68322,Posiłów
Q68746,Prandocin
Q68762,Prawda
Q68784,Prądnik Biały
Q68785,Prądnik Czerwony
Q68786,Prądnik Korzkiewski
Q68902,Proszowice
Q69003,Prusy
Q69118,Przeczniów
Q69157,Przedmieście
Q69216,Przegorzały
Q69249,Przemęczanki
Q69258,Przemyków
Q69315,Przesławice
Q69322,Przestańsko
Q69389,Przezwody
Q69416,Przybenice
Q69502,Przybysławice
Q69503,Przybysławice
Q69926,Psary
Q70362,Rabsztyn
Q70382,Rachwałowice
Q70422,Racławice
Q70676,Radwanowice
Q71094,Rawałowice
Q71231,Regulice
Q71501,Rodaki
Q71968,Rosiejów
Q72191,Rozkochów
Q72661,Rudawa
Q72832,Rudno Górne
Q73047,Ruszcza
Q73210,Rybitwy
Q73216,Rybna
Q73320,Ryczówek
Q73702,Rzeplin
Q73750,Rzędowice
Q73947,Sadowie
Q74148,Sancygniów
Q74157,Sanka
Q74545,Sędziszowice
Q74657,Sieborowice
Q74663,Sieciechowice
Q74704,Siedlec
Q74762,Siedliska
Q74871,Sielec
Q74873,Sielec Biskupi
Q74973,Sieniczno
Q75090,Sierosławice
Q75106,Siersza
Q75127,Sietejów
Q75342,Skalbmierz
Q75371,Skała
Q75388,Skałka
Q75614,Skorczów
Q75653,Skotnica
Q75804,Skrzeszowice
Q75974,Sławice Szlacheckie
Q75995,Sławków
Q76099,Słomniczki
Q76100,Słomniki
Q76340,Smardzowice
Q76521,Smoniowice
Q76683,Sobiesęki
Q76977,Solcza
Q77182,Sosnówka
Q77978,Stara Wieś
Q77979,Środkowa Wieś
Q77996,Stara Wieś
Q77997,Stara Wieś
Q77998,Stara Wieś
Q78070,Starczynów
Q78108,Stare Brzesko
Q78783,Stary Poskwitów
Q78844,Ujków Stary
Q79372,Stogniowice
Q79376,Stojanowice
Q79522,Stradlice
Q79592,Stręgoborzyce
Q79614,Strona Kościelna
Q79875,Strzelce Małe
Q79879,Strzelce Wielkie
Q79918,Strzemieszyce Małe
Q79919,Strzemieszyce Wielkie
Q80152,Sucha
Q80350,Sulechów
Q80464,Sułkowice
Q80859,Szarbia
Q81035,Szczepanowice
Q81113,Szczodrkowice
Q81129,Szczotkowice
Q81186,Szczyglice
Q81225,Szczytniki
Q81586,Szpitary
Q81607,Szreniawa
Q81742,Szyce
Q81930,Ściborzyce
Q82876,Tarnawa
Q83415,Tomaszowice
Q83484,Tonie
Q83511,Topola
Q83642,Trątnowice
Q83688,Trojadyn
Q83695,Trojanowice
Q83725,Tropiszów
Q83961,Trzebienice
Q83994,Trzebionka
Q84138,Trzyciąż
Q84750,Ugorek
Q84781,Ujazd
Q85184,W Kącie
Q85227,Wadów
Q85233,Waganowice
Q85802,Wąsów
Q86075,Węgrzce
Q86081,Węgrzynowice
Q86104,Wężerów
Q86368,Wielgus
Q86517,Wielmoża
Q86662,Wierzbica
Q86726,Wierzbno
Q86777,Wierzchowie
Q86805,Wierzchowisko
Q86933,Więckowice
Q86946,Więcławice Stare
Q87114,Wilczkowice
Q87290,Wilków
Q87376,Winiary
Q87609,Witkowice
Q87721,Witów
Q87893,Włostowice
Q88030,Wojciechów
Q88150,Wojsławice
Q88239,Wola
Q88345,Wola Filipowska
Q88365,Wola Gruszowska
Q88382,Wola Justowska
Q88383,Wola Kalinowska
Q88447,Wola Luborzycka
Q88665,Wola Zachariaszowska
Q88750,Wolica
Q88811,Wolwanowice
Q89416,Wrocimowice
Q89429,Wroczków
Q89445,Wroniec
Q89448,Wronin
Q89737,Wyciąże
Q89869,Wygnanów
Q90314,Wysiołek Luborzycki
Q90329,Wysocice
Q90370,Wysoka
Q90551,Wyźrał
Q90757,Zabierzów Bocheński
Q91108,Zadroże
Q91311,Zagórowa
Q91429,Zagórze
Q91452,Zagórzyce Dworskie
Q91809,Zakościele
Q91937,Zakrzów
Q91978,Zalas
Q92753,Zarogów
Q92995,Zastów
Q93141,Zawada Pierwsza
Q93434,Ząbkowice
Q93708,Zdzięsławice
Q93735,Zederman
Q93799,Zesławice
Q93900,Zielenice
Q94056,Zielonki
Q94283,Złotniki
Q94557,Zwierzyniec
Q94644,Zysławice
Q94858,Żarki
Q94872,Żarnowica
Q94909,Żary
Q94920,Żbik
Q95139,Żerkowice
Q95185,Żębocin
Q95381,Żurada
Q95498,Żydów
Q97681,Zagrody
Q97682,Podzamcze
Q97700,Nowa Wieś
Q97916,Stara Krowodrza
Q100512,Janklówka
Q102144,Draczowice
Q102148,Górnie Prokocice
Q102166,Księża Strona
Q102215,Wesoła
Q102290,Rynek
Q102295,Stara Wieś
Q102308,Stara Wieś
Q102310,Stawisko
Q102315,Ulica Kościelna
Q102413,Łany
Q102418,Nowa Wieś
Q102420,Owrotki
Q106489,Wikaryjka
Q106496,Na Wilku
Q106544,Bańca
Q107080,Błonie
Q107264,Góra
Q107268,Masalina Góra
Q107394,Za Kościołem
Q17118,Andrzejówka
Q107419,Psia Górka
Q107425,Stara Szkoła
Q107535,Załącze
Q107550,Koło Kościoła
Q107551,Środek Wsi
Q107591,Stara Wieś
Q107786,Stara Wieś
Q107795,Dwór
Q107870,Brzozówka Owczarska
Q109511,Szarkowiec
Q109623,Ogiernia
Q109641,Helenów-Januszyn
Q111600,Koło Remizy
Q111639,Zakrzacze
Q111660,Na Dole
Q111675,Szczygłów Tartak
Q111678,Góra
Q111685,Do Chogna
Q111687,Zagórcze
Q111696,Na Górze
Q111723,Na Brzegu
Q111804,Opłotki
Q111818,Lgota-Wieś
Q112082,Kresy
Q112103,Stara Wieś
Q112110,Siedliska-Kolonia
Q112131,Doły
Q112137,Przedmieście
Q112183,Stara Wieś
Q112197,Gościniec
Q112200,Stara Wieś
Q112254,Stara Wieś
Q112255,Stara Wieś
Q112272,Pagórek
Q112282,Pagórek
Q112291,Klasztorki
Q112309,Koźlica
Q115595,Strachorówka
Q116279,Getto
Q117282,Baranów
Q118745,Chałupki Górne
Q118948,Ciapówka
Q119040,Cło
Q119888,Doły
Q120067,Dulany
Q120331,Dzierza
Q120755,Galmany
Q120864,Getto
Q121254,Górany
Q121313,Górka
Q121983,Hebdów-Nowa Wieś
Q122285,Osiedle Jagiellońskie
Q122463,Januszowiec
Q124088,Kopanina
Q124782,Krzemionki
Q125506,Lipowiec
Q126603,Miasteczko Studenckie
Q126621,Michałowice Drugie
Q126997,Moczydła
Q128028,Osiedle Nowe Mistrzejowice
Q129392,Pazuchy
Q129547,Piaski
Q130174,Pod Lasem
Q130192,Pod Laskiem
Q130886,Podzamcze
Q131350,Osiedle Północ
Q131713,Przymiarki
Q133148,Skotnica
Q133814,Stara Wieś
Q133822,Stara Wieś
Q134009,Stary Gaj
Q134238,Stradom
Q134439,Sułoszowa Pierwsza
Q134545,Szczakowa-Wieś
Q135444,Ulica
Q135614,Wałek
Q136977,Za Rzeką
Q137377,Zakamycze
Q179150,Łobzów-zamek
Q179151,Biskupie
Q179152,Garbary
Q179305,Olkusz-kopalnia
Q179306,Ujków-kopalnia
Q179573,Zabierzów
Q179606,Pędzichów
Q179607,Błonie
Q179635,Półwsie
Q179892,Chebdów-opactwo
Q179893,Mniszów
Q179897,Biadaczów
Q180101,Mogiła-opactwo
Q180111,Morawica-zamek
Q180149,Będzin-zamek
Q180251,Głąbinów
Q180320,Biedaczów
Q180449,Sławków-zamek
Q180450,Kuźnica Okradzionowska
Q180702,Przybysławice
Q180911,Wielka Droga
Q17874,Banica
Q18012,Barcice
Q18578,Berest
Q18766,Biadoliny Szlacheckie
Q18851,Biała Wyżna
Q18863,Białawoda
Q19056,Biały Dunajec
Q19106,Biczyce Dolne
Q19192,Biegonice
Q19426,Bieniówka
Q19521,Biesiadki
Q19546,Bieśnik
Q19590,Bilsko
Q19603,Binczarowa
Q19664,Biskupice Melsztyńskie
Q20138,Bochenkówka
Q20388,Bogusza
Q20402,Boguszowa
Q20950,Borowa
Q21872,Brunary Niżne
Q21873,Brunary Wyżne
Q22637,Buczakówka
Q23653,Byniowa
Q24266,Chełmiec
Q24489,Chochołów
Q24492,Chochorowice
Q24733,Chomranice
Q25004,Chruślice
Q25310,Ciche
Q25846,Cyganowice
Q26066,Czarna
Q26254,Czarny Dunajec
Q26292,Czarny Potok
Q26360,Czchów
Q26561,Czerniec
Q26848,Czyrna
Q27444,Dąbrowa
Q27747,Dąbrówka Polska
Q28124,Dębno
Q28380,Długołęka-Świerkla
Q28384,Długopole
Q28825,Dogale
Q28858,Dolina
Q28880,Doliny
Q29033,Doły
Q29157,Domosławice
Q29491,Drużków Pusty
Q29729,Dolne
Q30121,Dział
Q30377,Dzierżaniny
Q30793,Faliszewice
Q30803,Falkowa
Q30836,Faściszowa
Q30951,Filipowice
Q31057,Florynka
Q31211,Franczaki
Q31318,Gaboń
Q31330,Gabrysie
Q32164,Gierowa
Q32234,Gizówka
Q32341,Glinik
Q32817,Gnojnik
Q33204,Gołkowice Górne
Q33472,Gosprzydowa
Q34173,Podole-Górowa
Q34546,Grabna
Q34581,Grabno
Q35474,Gródek nad Dunajcem
Q35601,Gruszów
Q36210,Harklowa
Q36501,Homrzyska
Q37160,Izby
Q37205,Jabłoniec
Q37522,Jakubkowice
Q37630,Jamna
Q37684,Janczowa
Q37910,Janowice
Q38144,Januszowa
Q38256,Jarostowa
Q38391,Jasienna
Q38557,Jastrzębik
Q38599,Jaszkowa
Q38690,Jaworki
Q38730,Jaworsko
Q38751,Jaworzna
Q38793,Jazowsko
Q38968,Jelna
Q39820,Just
Q39975,Kadcza
Q40353,Kamianna
Q40711,Kamionka Mała
Q40712,Kamionka Mała
Q40715,Kamionka Wielka
Q40763,Kamyk
Q40810,Kanina
Q41717,Kąśna Dolna
Q41839,Kąty
Q42327,Kiety
Q42707,Klimkówka
Q42883,Kluszkowce
Q16729,Abramowice
Q17494,Babia Góra
Q17651,Baczków
Q17885,Banowice
Q18420,Opydówka
Q18516,Bełdno
Q18641,Bessów
Q18694,Bęczarka
Q18700,Bęczyn
Q19440,Bieńkowice
Q19441,Bieńkowice
Q19484,Biertowice
Q19555,Bieżanów
Q19566,Bigórzówka
Q20146,Bochnia
Q20188,Boczów
Q20215,Bodzanów
Q20229,Bodzów
Q20320,Bogucice
Q20463,Bojańczyce
Q20721,Borek
Q20734,Borek Fałęcki
Q21497,Bratucice
Q21611,Brody
Q21988,Brzegi
Q22012,Brzesko
Q22071,Brzezie
Q22125,Brzezinka
Q22246,Brzezowa
Q22249,Brzezowa
Q22251,Brzezowiec
Q22289,Brzeźnica
Q22579,Brzyczyna
Q22580,Brzyczyna
Q22644,Bucze
Q22704,Buczyna
Q23410,Buków
Q23456,Buniorówka
Q23497,Burletka
Q23667,Bystra Podhalańska
Q23738,Byszyce
Q23984,Cerekiew
Q24236,Chełm
Q24482,Chobotówka
Q24564,Chodenice
Q24739,Chorągwica
Q24746,Chorążowa
Q24764,Chorowice
Q24878,Chrobacze
Q24914,Chrostowa
Q25253,Chyszówki
Q25306,Cichawa
Q25652,Cikowice
Q25972,Czajowa
Q26163,Czarnochowice
Q26175,Czarnociny
Q26339,Czasławice
Q26902,Czyżów
Q27112,Darczyce
Q27231,Dąbie
Q27440,Dąbrowa
Q27546,Dąbrowica
Q27547,Dąbrowica
Q27688,Dąbrówka
Q133474,Sołtysowa
Q134286,Strugi
Q135176,Trąbki Głębokie
Q135192,Tropszyn
Q135361,U Garboca
Q135593,Waligórówka
Q135601,Walówki
Q135632,Waniówka
Q135795,Węglarzówka
Q137009,Zazamcze
Q137760,Zarębki
Q138752,Górna Wieś
Q138755,Zawrocie
Q138785,Tuczniowo
Q138805,Taborowo
Q139052,Brzezna-Centrum
Q139074,Kopaliny
Q139079,Naszacowice-Centrum
Q179157,Czertyżne
Q179158,Bieliczna
Q179205,Gródek-zamek
Q179206,Posadowa
Q179850,Męcina Niżna
Q180415,Czchów-zamek
Q180416,Ujazd
Q180453,Sądecz Nowy-zamek
Q180455,Świerkla
Q180673,Rzeka
Q180709,Hamplowa
Q180767,Porzecze
Q180811,Zawada
Q180927,Załogoszcze
Q181027,Gocz
Q181038,Podgórze
Q181142,Szymańczowa
Q181145,Wolaków
Q69808,Przysietnica
Q69845,Przyszowa
Q70463,Radajowice
Q71064,Ratnawy
Q71152,Rdziostów
Q71574,Rogi
Q71724,Rojówka
Q72086,Roszkowice
Q72113,Rośmirowa
Q72247,Roztoka
Q72248,Roztoka-Brzeziny
Q72327,Rożnów
Q72620,Ruda Kameralna
Q72704,Rudka
Q73486,Rytro
Q74695,Siedlce
Q74979,Sienna
Q75778,Skrudzina
Q75809,Skrzętla-Rojówka
Q76110,Słona
Q76191,Słowikowa
Q77266,Sowliny
Q77432,Sromowce Niżne
Q77434,Sromowce Wyżne
Q77475,Stadła
Q77509,Stanęcin
Q78009,Stara Wieś
Q78012,Stara Wieś
Q78807,Stary Sącz
Q79046,Stawisza
Q79656,Stróże
Q79941,Strzeszyce
Q80053,Studzianki
Q80326,Sufczyn
Q80334,Sukmanie
Q80802,Szaflary
Q80903,Szarysz
Q80950,Szczawnica
Q80953,Szczawnik
Q81202,Szczypkówka
Q81440,Szkodna Południowa
Q81473,Szlachtowa
Q81496,Szlembark
Q81804,Szymanowice
Q82166,Śnietnica
Q82308,Świdnik
Q82710,Tabaszowa
Q83122,Teluszowa
Q83723,Tropie
Q84139,Trzycierz
Q84463,Tworkowa
Q84525,Tylicz
Q84570,Tymowa
Q84772,Ujanowice
Q85253,Waksmund
Q85692,Wawrzka
Q86140,Wiatrowice
Q86426,Wielka Wieś
Q86526,Wielogłowy
Q86598,Wierchomla Wielka
Q86935,Więckowice
Q87638,Witkówka
Q87702,Witowice Dolne
Q87703,Witowice Górne
Q88079,Wojkowa
Q88096,Wojnicz
Q88256,Wola
Q88325,Wola Dębińska
Q88413,Wola Kosnowa
Q88422,Wola Krogulecka
Q88433,Wola Kurowska
Q88472,Wola Marcinkowska
Q88609,Wola Stańkowska
Q88613,Wola Stróska
Q88698,Wolackie
Q88754,Wolica
Q88794,Chochle
Q89463,Wronowice
Q89509,Wróble
Q89539,Wróblowice
Q89839,Wyglanowice
Q90562,Wyżna Wola
Q90718,Zabełcze
Q90948,Zabrzeż
Q91401,Zagórze
Q91775,Zakliczyn
Q92295,Załęże Niżne
Q92297,Załęże Wyżne
Q92436,Zamoście
Q93036,Zatoki
Q93124,Zawada
Q93139,Zawada Lanckorońska
Q93471,Zbęk
Q93579,Zbyszyce
Q93603,Zdonia
Q93946,Zielińskówka
Q94483,Zubrzyk
Q94928,Żbikowice
Q94964,Żebraczka
Q94997,Żegiestów
Q42958,Kłodne
Q43133,Knurów
Q43539,Kokuszka
Q43738,Kolonia
Q44231,Koniuszowa
Q44377,Kończyska
Q44874,Korzenna
Q46150,Krasne Biczyckie
Q46259,Krauszów
Q46577,Krościenko nad Dunajcem
Q46583,Krośnica
Q46666,Królowa Górna
Q46890,Krużlowa Wyżna
Q46915,Krynica-Zdrój
Q48013,Kunów
Q48151,Kurów
Q48652,Laskowa
Q48897,Leluchów
Q49335,Lewniowa
Q49502,Limanowa
Q49640,Lipie
Q49806,Lipnica Wielka
Q49889,Lipowe
Q50859,Łabowa
Q50860,Łabowiec
Q51190,Łaziska
Q51319,Łazy Biegonickie
Q51353,Łącko
Q51592,Łęg
Q51609,Łęg Januszowski
Q51664,Łęka
Q51694,Łęki
Q51950,Łopoń
Q51962,Łopuszna Dolna
Q52291,Łukowica
Q52378,Łyczana
Q52379,Łyczanka
Q52556,Maciejowa
Q52747,Majdan
Q53248,Mała Wieś
Q53538,Maniowy
Q54171,Maszkienice
Q54173,Maszkowice
Q54487,Męcina
Q54603,Michalczowa
Q54803,Miczaki Dolne
Q55194,Miętustwo
Q55415,Milówka
Q55444,Miłkowa
Q55718,Mizerna
Q55778,Młodów
Q56056,Mochnaczka Niżna
Q56057,Mochnaczka Wyżna
Q56229,Mogilno
Q56287,Mokra Wieś
Q56495,Mordarka
Q56698,Moszczenica Niżna
Q56700,Moszczenica Wyżna
Q57055,Muszyna
Q57056,Muszynka
Q57119,Mystków
Q57144,Myszkówka
Q57157,Myślec
Q57207,Na Bałdonicach
Q57675,Naściszowa
Q57840,Niecew
Q58508,Niżny Litacz
Q59001,Nowa Wieś
Q59720,Nowiny
Q60198,Nowy Sącz
Q60282,Nowy Targ
Q60651,Odrowąż
Q61120,Olszana
Q61148,Olszanka
Q61340,Olszyny
Q61407,Opalana
Q62278,Ostrowsko
Q62641,Owieczka
Q62879,Paleśnica
Q63797,Perła
Q64163,Piaski-Drużków
Q64248,Piątkowa
Q64904,Piorunka
Q65070,Pisarzowa
Q65158,Piwniczna-Zdrój
Q65963,Podbrzeże
Q65981,Podchełmie
Q66006,Podczerwone
Q66066,Podegrodzie
Q66489,Podlas
Q67066,Podrzecze
Q67567,Polany
Q67647,Polichty
Q67755,Połom Mały
Q68009,Popowice
Q68110,Porąbka Uszewska
Q68156,Poręba Mała
Q68461,Potok
Q68575,Powroźnik
Q69567,Przydonica
Q95080,Żeleźnikowa Wielka
Q95143,Żerków
Q95617,Na Zamku
Q95646,Bartkowa-Posadowa
Q96858,Dłubacze
Q96911,Święchowska Góra
Q97618,Herody
Q97620,Łęg
Q97767,Poświątne
Q97919,Biały Klasztor
Q105892,Pod Kościołem
Q106232,Góry
Q106269,Zaszkole
Q106294,Bagna
Q106311,Klin
Q106316,Lutrynki
Q107382,Brzeziny
Q108097,Majery
Q108521,Ogrodziska
Q108578,Za Rzeką
Q108900,Majochy
Q108940,Urygówka
Q109026,Ceglówka
Q109058,Rysiówka
Q109181,Za Górą
Q109199,Wierzchowina
Q109200,Jadamwola Druga
Q109206,Rynek
Q109225,Niwka
Q110011,Działek
Q110044,Pasternia
Q110051,Stara Wieś
Q110054,Dąbrówki
Q110071,Kamieniec
Q110262,Kąty
Q110265,Łazy Chomranickie
Q110279,Niskowiec
Q110325,Dolna Wieś
Q110330,Paryja
Q110345,Garby
Q110358,Nowa Wieś
Q110380,Podedworze
Q110392,Kuligówka
Q110431,Role
Q110634,Południakówka
Q110886,Ślazy
Q110938,Łazarska Rola
Q110972,Nawsie
Q111062,Zajemcze
Q111116,Zagrody
Q111126,Wygony
Q111188,Ostra Góra
Q111199,Czubica
Q111203,Granica
Q111211,Kapłaniec
Q111255,Zarębki
Q111257,Morsztynówka
Q111289,Lelitkówka
Q111302,Światkowskówka
Q111332,Wójcikówka
Q111333,Wygoda
Q111335,Krzemionka
Q112881,Koło Kościoła
Q112916,Wieś
Q113266,Zaprzerwie
Q113661,Pod Podołami
Q113864,Zagórów
Q115541,Na Dole
Q115542,Podkościele
Q115661,Brzezie
Q115678,Wielopole Niżne
Q115683,Babiarzówka
Q115742,Nowa Droga
Q115778,Środek
Q115809,Stopkowa
Q116395,Zawadka
Q116485,Za Wodą
Q116683,Folwark
Q117623,Bielowice
Q118172,Bryjówka
Q119182,Czchów-Zapora
Q119951,Dół
Q119971,Drągówka
Q121767,Gronków Środkowy
Q122385,Janiki
Q122841,Jurkówka
Q125030,Kunów
Q125791,Łącztek
Q126063,Łystarzowa
Q126465,Maruszyna Górna
Q126572,Melsztyn
Q127197,Mrożkowa
Q127280,Na Chałpiskach
Q129055,Pagórek
Q130017,Pocztówka
Q130043,Brzegi
Q130267,Pod Zamkiem
Q130889,Podzamcze
Q132373,Równia
Q133152,Skotnica
Q91613,Zagrody Słoneczne
Q91617,Zagrody
Q91922,Zakrzowiec
Q91939,Zakrzów
Q91948,Zakrzówek
Q92004,Zalesiany
Q92412,U Zemlika
Q92666,Zarabie
Q92802,Zaryte
Q92883,Zarzyce Małe
Q92884,Zarzyce Wielkie
Q93032,Zatoka
Q93121,Zawada
Q93144,Zawada Uszewska
Q93503,Zborczyce
Q93517,Zborówek
Q93562,Zbydniowice
Q93564,Zbydniów
Q93739,Zegartowice
Q94134,Zięby
Q94416,Zonia
Q95005,Żegocina
Q95449,Żurowa
Q95557,Żyznówka
Q95857,Kacza Góra
Q96112,Pierzchowiec
Q96435,Nowy Świat
Q96478,Czernin
Q96820,Laszczaki
Q96821,Kamieniec
Q96890,Dobroniów
Q97838,Putyrówka
Q97892,Przy Gościńcu
Q100694,Sobczakowa
Q100725,Kluski
Q100743,Działy
Q105801,Podwipszka
Q105805,Brzeg
Q105806,Dębina
Q105808,Dwór
Q105812,Kleparz
Q105815,Na Dole
Q105845,Ług
Q105847,Poręków
Q105868,Młyn
Q105954,Lorysówka
Q105970,Na Dole
Q105977,Pod Lubomierzem
Q105980,Podlesie
Q105994,Rynek
Q106005,Tabaki
Q106082,Województwo
Q106431,Zagonie
Q107658,Korabniki
Q107712,Góra
Q107746,Pasternik
Q107907,Folwark
Q107971,Butorówka
Q107987,Potaśnia
Q108004,Kliny
Q108040,Na Łazy
Q108119,Słomiana
Q108121,Wola Podłazańska
Q108139,Kalinów
Q108250,Wieś
Q108267,Ogrody
Q108271,Babica
Q108327,Krzyż
Q108660,Kondysówka
Q109193,Dział
Q109323,Jackowce
Q109444,Kordeczkówka
Q109448,Doraź
Q109476,Folwark
Q109709,Kozińce
Q109834,Grzebieniówka
Q109920,Zarębki
Q109923,Rzeki
Q109936,Rzeki
Q112382,Tłukówka
Q113474,Zamek
Q113483,Gizówka
Q117226,Banach
Q118794,Chłasty
Q119195,Czechówka-Wieś
Q119461,Dąbrowa
Q119956,Dół Północny
Q120251,Działek
Q120701,Gaik
Q121230,Góra
Q121518,Górzkie
Q121926,Gwoździówka
Q122906,Kaim
Q123000,Kamieniec
Q123307,Kąt
Q123438,Kiełbasówka
Q123454,U Kieroska
Q123762,Koczorówka
Q124538,Krakówka
Q125404,Libertów Górny
Q49877,Lipowa
Q50038,Lisica
Q50133,Lisówki
Q50368,Lubień
Q50715,Ludwinów
Q50739,Lusina
Q50933,Łagiewniki
Q51152,Łazany
Q51283,Łazy
Q51478,Łąkta Dolna
Q51695,Łęki
Q51697,Łęki
Q51768,Łężkowice
Q51870,Łomna
Q52014,Łostówka
Q52470,Łysokanie
Q52865,Majerówka
Q52884,Majkowice
Q52921,Makowa
Q52957,Maków Podhalański
Q53245,Mała Wieś
Q53923,Markuszowa
Q53940,Marszałki
Q53966,Marszowice
Q55219,Mikluszowice
Q56223,Mogilany
Q56237,Mogiłki
Q56238,Mogiłki
Q56378,Mokrzyska
Q56694,Moszczenica
Q56899,Mstów
Q56920,Mszczęcin
Q57159,Myślenice
Q57266,Na Lepiance
Q57587,Napory
Q57743,Nawsie
Q57895,Niedary
Q58020,Niedźwiedź
Q58041,Niegowić
Q58172,Niepołomice
Q58241,Nieszkowice Małe
Q58242,Nieszkowice Wielkie
Q58317,Niezdów
Q58327,Nieznanowice
Q58510,Niżowa
Q58983,Nowa Wieś
Q59124,Nowalanówka
Q59487,Nowe Rybie
Q60303,Nowy Wiśnicz
Q60547,Ochmanów
Q60561,Ochojno Górne
Q60814,Okocim
Q60914,Okulice
Q60952,Olchawa
Q61229,Olszowice
Q61767,Osieczany
Q62369,Ostrów Królewski
Q62380,Ostrów Szlachecki
Q62730,Pachury
Q62853,Pakuz
Q63483,Paszkówka
Q63735,Peliwówka
Q64148,Piaski
Q64396,Piekiełko
Q64644,Pierzchów
Q65614,Pobiedr
Q65641,Pobręczyn
Q65977,Podcegielnia
Q66039,Poddziele
Q66061,Podedwór
Q66276,Podgrodzie
Q66685,Podlesie
Q66946,Podobin
Q66958,Podolany
Q67126,Podstolice
Q67331,Pogorzany
Q67389,Pogwizdów
Q67530,Polanka
Q67754,Połom Duży
Q67793,Pomianowa
Q67924,Popędzynka
Q68162,Poręba Wielka
Q68587,Poznachowice Dolne
Q68588,Poznachowice Górne
Q68661,Półwsie Zwierzynieckie
Q68858,Prokocim
Q69060,Przebieczany
Q69452,Przyborów
Q70301,Pychowice
Q70396,Raciborsko
Q70399,Raciborzany
Q70404,Raciechowice
Q70683,Radwanówka
Q70780,Radziszów
Q70861,Rajsko
Q71139,Rączna
Q71149,Rdzawa
Q71150,Rdzawka
Q71795,Rola
Q72174,Rozdziele
Q27689,Dąbrówka
Q28482,Do Kuźli
Q28528,Dobczyce
Q28601,Dobra
Q28622,Dobranowice
Q28838,Dolańskówka
Q28925,Dolne Przedmieście
Q28999,Dołuszyce
Q29056,Domagały
Q29231,Dół
Q29743,Danaje
Q30279,Dziekanowice
Q30444,Dziewin
Q30977,Firkowo
Q31472,Gaj
Q31834,Gawłów
Q31844,Gawora
Q31999,Gdów
Q32148,Gierczyce
Q32340,Glinik
Q32435,Glińce
Q32439,Glisne
Q32589,Głogoczów
Q32888,Godusza
Q33405,Gorzków
Q33406,Gorzków
Q33790,Góra Świętego Jana
Q34119,Górne Staniątki
Q34443,Grabie
Q34445,Grabie
Q34503,Grabina
Q34829,Grajów
Q35229,Grodkowice
Q35585,Gruszki
Q35599,Gruszów
Q35600,Gruszów
Q35762,Grzybowa
Q36200,Harbutowice
Q37170,Izdebnik
Q37738,Janikówka
Q37868,Jankówka
Q37909,Janowice
Q37911,Janowice
Q38286,Jaroszowo
Q38293,Jaroszówka
Q38358,Jasienica
Q38410,Jasień
Q38524,Jastrzębia Górna
Q38626,Jaśkowice
Q38662,Jawczyce
Q38702,Jawornik
Q39362,Jodłownik
Q39371,Jodłówka
Q39402,Jordanów
Q39661,Jugowice
Q39758,Jurczyce
Q41375,Kasinka Mała
Q41418,Kaszówka
Q41542,Kawki
Q41593,Kazimierz
Q42241,Kierlikówka
Q42640,Klęczana
Q43176,Kobierzyn
Q43246,Kobyle
Q43252,Kobylec
Q43550,Kolanów
Q44006,Komorniki
Q44105,Konary
Q44734,Kornatka
Q44979,Kosmale
Q45003,Kosocice
Q45086,Kostrza
Q45088,Kostrze
Q45189,Koszutka
Q45555,Kowalówka
Q45914,Koźmice Wielkie
Q46058,Krakuszowice
Q46149,Krasne-Lasocice
Q46681,Królówka
Q47041,Krzeczów
Q47130,Krzesławice
Q47255,Krzyszkowice
Q47285,Krzywaczka
Q47418,Krzyżanowice
Q47552,Książnice
Q47883,Kulawówka
Q47895,Kulerzów
Q47982,Kunice
Q47997,Kunochy
Q48069,Kurdwanów
Q48150,Kurów
Q48393,Kwasowice
Q48410,Kwaśniakówka
Q48534,Lanckorona
Q48827,Lednica Dolna
Q48869,Leksandrowa
Q49399,Libichowa
Q49632,Lipie
Q49770,Liplas
Q49832,Lipnik
Q72317,Rożnowa
Q72512,Rubisie
Q72778,Rudnik
Q72960,Rupniów
Q73328,Ryczywół
Q73736,Rzezawa
Q73828,Rżąka
Q73844,Sabury
Q73883,Sadek
Q74080,Samborek
Q75027,Sieradzka
Q75055,Sieraków
Q75071,Siercza
Q75391,Skałka
Q75484,Skawina
Q75812,Skrzydlna
Q75834,Skrzynka
Q75988,Sławkowice
Q76089,Słomka
Q76263,Słupia
Q76595,Smykań
Q76753,Sobolów
Q76755,Soboniowice
Q77185,Sosnówki
Q77414,Sroczyce
Q77481,Stadniki
Q77510,Staniątki
Q77534,Stanisławice
Q78858,Stary Wiśnicz
Q79256,Sterkowiec
Q79389,Stojowice
Q79649,Stróża
Q79789,Stryszowa
Q80246,Suchoraba
Q80465,Sułkowice
Q80480,Sułków
Q80496,Sułów
Q80693,Swoszowice
Q80895,Szarów
Q81046,Szczepanów
Q81161,Szczurkówka
Q81167,Szczurów
Q81189,Szczygłów
Q81209,Szczyrzyc
Q81226,Szczytniki
Q81780,Szyk
Q81949,Ściejowice
Q81994,Śledziejowice
Q82171,Śpiewakówka
Q82280,Świątniki Dolne
Q82281,Świątniki Górne
Q82699,Świstkowa
Q82834,Targoszowa
Q82839,Targoszyna
Q82848,Targowisko
Q82877,Tarnawa
Q83025,Taszyce
Q83363,Tokarzówka
Q83411,Tomaszkowice
Q83841,Trzciana
Q84003,Trzebol
Q84051,Trzemeśnia
Q84204,Tulej
Q84274,Turkowa
Q84576,Tyniec
Q84645,Mizery
Q84695,Ubrzeż
Q84782,Ujazd
Q85123,Uszwica
Q85190,W Łąkach
Q86132,Wiatowice
Q86374,Wieliczka
Q86570,Wieniec
Q86639,Wieruszyce
Q86644,Wierzbanowa
Q86781,Wierzchowina
Q86784,Wierzchowina
Q87377,Winiary
Q87553,Wiśniowa
Q87637,Witkówka
Q87894,Włostowice
Q88197,Wojtówkowa
Q88238,Wola
Q88334,Wola Drwińska
Q88337,Wola Duchacka
Q88561,Wola Radziszowska
Q88749,Wolica
Q88793,Wolniki
Q89538,Wróblowice
Q89568,Wrząsowice
Q89600,Wrzępia
Q90578,Wyżyce
Q90712,Zabawa
Q90794,Zabłocie
Q90980,Zachełmna
Q91326,Zagórzany
Q91496,Zagroda
Q91568,Zagrody
Q91596,Zagrody
Q91611,Zagrody Niżnie
Q17085,Andrychów
Q17512,Babica
Q17520,Babice
Q18644,Bestwina
Q19225,Bielany
Q20052,Bobrek
Q20059,Bobrek Dolny
Q20747,Borek Szlachecki
Q21473,Brańkówka
Q22015,Brzeszcze
Q22122,Brzezinka
Q22292,Brzeźnica
Q23443,Bulowice
Q23446,Bulówki
Q25052,Chrząstowice
Q25708,Cisiec
Q26548,Czernichów
Q27079,Dankowice
Q27694,Dąbrówka
Q30766,Facimiech
Q30971,Filkówka
Q31275,Frydrychowice
Q31653,Gałuszkowice
Q32133,Bieńki
Q32139,Gierałtowice
Q32186,Wiglowice
Q32200,Gilowice
Q32540,Głębowice
Q33235,Gołuchowice
Q33383,Gorzeń Górny
Q34589,Graboszyce
Q35313,Grodzisko
Q35337,Grojec
Q35352,Gromiec
Q35511,Grucówka
Q36144,Hałcnów
Q36212,Harmęże
Q36234,Hecznarowice
Q37912,Janowice
Q38284,Jaroszowice
Q38665,Jawiszowice
Q39257,Jeżowice
Q39390,U Janów
Q40268,Kalwaria
Q42097,Kęty
Q42518,Klecza Dolna
Q43454,Kocurów
Q44015,Komorowice Krakowskie
Q45005,Kossowa
Q46733,Kruki
Q47186,Krzęcin
Q48655,Laskowa
Q48942,Leńcze
Q49375,Lgota
Q125483,Lipnik
Q125777,Łącki
Q127258,Myto
Q127289,Na Dole
Q127574,Nadole
Q130356,Podedwór
Q130630,Podlesie
Q130640,Podlesie
Q131026,Polów
Q131634,Koło Dworu
Q131921,Rabskówka
Q132153,Rędzina
Q132629,Rynek
Q132923,Sidzina-Zagumnie
Q133461,Osiedle Solna Góra
Q134198,Stocznik
Q134717,Szwaby
Q134901,Świątniki
Q134909,Świdówka
Q135015,Targowica
Q135552,W Olszynie
Q136239,Woderówka
Q136783,Wysoka Dolna
Q137349,Zagumnie
Q138376,Żegocina
Q138742,Rynek
Q138744,Krzaki
Q179210,Skawina-zamek
Q179428,Niepołomice-zamek
Q179431,Zabłocie
Q179479,Lasocice
Q179957,Tyniec-klasztor
Q179958,Dobczyce-zamek
Q179975,Myślimice-zamek
Q180057,Wiśnicz Wielki-zamek
Q180100,Zmibrzeg
Q180103,Wieliczka-kopalnia
Q180104,Wieliczka-zamek
Q180105,Mierzączka
Q180377,Sterkowiec
Q180563,Popowice
Q180662,Ratanica
Q180699,Zakliczyn
Q181048,Stara Wola
Q181144,Biernaszowice
Q181160,Wolica
Q49834,Lipnik
Q51103,Łaśnica
Q51309,Łazy
Q51685,Łękawica
Q51698,Łęki
Q53025,Malec
Q53668,Marcyporęba
Q55116,Międzybrodzie Bialskie
Q55117,Międzybrodzie Żywieckie
Q55316,Mikuszowice Krakowskie
Q55417,Milówka
Q55762,Młocki Górne
Q56439,Monowice
Q56684,Moszczanica
Q56940,Mucharz
Q57257,Na Końcu
Q57803,Nidek
Q59005,Nowa Wieś
Q59228,Nowe Dwory
Q60599,Oczków
Q61849,Osiek
Q62658,Owsianka
Q62806,Pająki Dolne
Q62865,Palczowice
Q64710,Pietrzykowice
Q64979,Piotrowice
Q66402,Podkościół
Q67514,Polana
Q67535,Polanka Hallera
Q67537,Polanka Wielka
Q68108,Porąbka
Q68161,Poręba Wielka
Q68695,Półwieś
Q69097,Przeciszów
Q70533,Radocza
Q70858,Rajsko
Q71787,Roków
Q72863,Rudze
Q73169,Rybarzowice
Q73299,Rychwałdek
Q73318,Ryczów
Q73417,Rynek
Q75482,Skawce
Q75517,Skidziń
Q76468,Smolice
Q77063,Sołtystwo
Q77359,Sporysz
Q77385,Spytkowice
Q77520,Stanikowo
Q77525,Stanisław Dolny
Q78016,Stara Wieś
Q78604,Stary Dwór
Q79624,Stronie
Q79790,Stryszów
Q79958,Strzępek
Q81711,Szwajcówka
Q83284,Tłuczań
Q83464,Tomice
Q83972,Trzebieńczyce
Q86578,Wieprz
Q87023,Wilamowice
Q87115,Wilczkowice
Q87612,Witkowice
Q87878,Włosienica
Q88955,Woźniki
Q90372,Wysoka
Q90444,Wyspa
Q90617,Za Dworem
Q90797,Zabłocie
Q90886,Zaborze
Q91235,Zagłębocze
Q91309,Zagórnik
Q91435,Zagórze
Q91940,Zakrzów
Q93048,Zator
Q93158,Zawadka
Q93746,Zelczyna
Q93786,Zembrzyce
Q94637,Zygodowice
Q95545,Żywiec
Q95626,Centrum
Q95634,Mieszczyńsko
Q96479,Szwaby
Q97802,Stare Miasto
Q97846,Krzeszów Górny
Q97879,Skornica
Q98632,Pasieki
Q98682,Bujaków Górny
Q98990,Stara Karczma
Q98997,Dolna Cięcina
Q99551,Słowiaki
Q100772,Maciążyzna
Q104123,Czerwonka
Q104366,Do Szewczyków
Q104390,Przyborowiec
Q104450,Koło Zamku
Q104462,Na Grapie
Q104465,Na Stawach
Q104558,Kowale
Q104611,Błachutówka
Q104653,Kuźlikówka
Q104689,Do Polany
Q104719,Wolność
Q104759,Straconka
Q104776,Przy Strzelnicy
Q107000,Za Kościołem
Q107691,Przy Dzwonnicy
Q111857,Pitrop
Q111885,Nawsie
Q111890,Podgórze
Q112607,U Kachla
Q112827,Jędrasy
Q113398,Przy Gościńcu
Q113451,Przy Kościele
Q113511,Dwór
Q113522,Na Bajorze
Q113532,Spytkowice Dolne
Q113587,Hornikówka
Q113603,Czerna
Q113617,Pagórek Malatowski
Q113644,Ochoc
Q115552,Wiedeń
Q119897,Doły
Q120586,Folwark
Q122143,Hucisko
Q125158,Lanckorona
Q127276,Na Brzegu
Q128891,Ostałowa Zagórska
Q130498,Podkościele
Q131563,Przy Karczmie
Q132548,Rutajek
Q134436,Sułkowice Środkowe
Q135241,Trzebinia Średnia
Q135443,Ulica
Q135571,Osiedle Wadowity
Q137021,Zabawa
Q179243,Żywiec-zamek
Q180459,Zator-zamek
Q180466,Oświęcim-zamek
Q180862,Żebracza
Q180889,Sparowice
